Col_1,Năm 2022Triệu VND,Năm 2021Triệu VND
"Chi nộp thuế và các khoản phí, lệ phí",13.915,10.202
Chi phí nhân viên,5.831.187,4.854.402
- Chi lương và phụ cấp,1.829.223,1.709.551
- Các khoản chi đóng góp theo lương,373.126,359.552
- Chi trợ cấp,9.945,7.726
- Chi khác cho nhân viên,3.618.893,2.777.573
Chi về tài sản,1.706.075,1.677.534
- Chi phí khấu hao tài sản cố định,352.609,362.857
- Chi khác,1.353.466,1.314.677
Chi cho hoạt động quản lý,3.226.947,1.689.337
"Chi nộp phí bảo hiểm, bảo toàn tiền gửi của khách hàng",455.482,419.539
Chi phí dự phòng (i),28.119,(763.083)
,11.261.725,7.887.931
