Tên công ty con,Trụ sở,Ngành nghề kinh doanh,Tỷ lệ biểu quyết của Công ty,Tỷ lệ biểu quyết của Công ty_1,Tỷ lệ sở hữu của Công ty,Tỷ lệ sở hữu của Công ty_1
Tên công ty con,Trụ sở,Ngành nghề kinh doanh,Ngày 31 tháng 12 năm 2025,Ngày 31 tháng 12 năm 2024,Ngày 31 tháng 12 năm 2025,Ngày 31 tháng 12 năm 2024
"(12) Công ty TNHH Nông nghiệp BAF Bình Định (""BAF Bình Định"")",Gia Lai,Sản xuất thức ăn chăn nuôi,"100,00%","98,55%","100,00%","98,55%"
"(13) Công ty TNHH MTV BAF Meat Bình Phước (""BAF Meat Bình Phước"")",Đồng Nai,Giết mổ và chế biến thịt,"100,00%","100,00%","100,00%","100,00%"
"(14) Công ty TNHH Sản xuất Thương mại Dịch vụ Tâm Hưng (""Tâm Hưng"")",Tây Ninh,Chăn nuôi,"99,98%","99,98%","99,98%","99,98%"
"(15) Công ty TNHH Đầu tư Nông Nghiệp Tân Châu (""Tân Châu"")",Tây Ninh,Chăn nuôi,"99,95%","99,95%","99,95%","99,95%"
"(16) Công ty TNHH Sản xuất Thương mại Xuất nhập khẩu Thiên Phú Sơn (""Thiên Phú Sơn"")",Đồng Nai,Chăn nuôi,"100,00%","100,00%","100,00%","100,00%"
"(17) Công ty TNHH Sản xuất Thương mại Chăn nuôi Kim Hội (""Chăn nuôi Kim Hội"")",Đồng Nai,Chăn nuôi,"100,00%","100,00%","100,00%","100,00%"
"(18) Công ty TNHH Phân bón Hữu cơ Vi sinh BAF (""Phân bón Hữu cơ Vi sinh BAF"")",Thành phố Hồ Chí Minh,Sản xuất,"100,00%","100,00%","100,00%","100,00%"
"(19) Công ty TNHH Logistic BAF Việt Nam (""Logistic BAF"")",Thành phố Hồ Chí Minh,Vận tải,"100,00%","100,00%","100,00%","100,00%"
"(20) Công ty TNHH Chế biến Thực phẩm BAF Tây Ninh (""Chế biến Thực phẩm BAF Tây Ninh"")",Tây Ninh,Chế biến thực phẩm,"100,00%","100,00%","100,00%","100,00%"
"(21) Công ty TNHH Tây An Khánh (""Tây An Khánh"")",Tây Ninh,Chăn nuôi,"100,00%","100,00%","100,00%","100,00%"
"(22) Công ty Cổ phần Phát Triển Nông Nghiệp sạch Thanh Xuân (""Thanh Xuân"")",Thanh Hóa,Trồng trọt và chăn nuôi,"99,99%","99,99%","99,99%","99,99%"
