Col_1,31/12/2018Triệu VND,Tỷ lệ góp vốn %,31/12/2017Triệu VND,Tỷ lệ góp vốn %_1
Công ty TNHH Đầu tư Phát triển Quốc tế,2.578.175,"100,00",2.578.175,"100,00"
Ngân hàng Liên doanh Lào Việt,1.294.466,"65,00",1.294.466,"65,00"
Công ty Cho thuê Tài chính TNHH BIDV – Sumi TRUST,447.813,"50,00",447.813,"50,00"
Công ty TNHH Quản lý Nợ và Khai thác Tài sản BIDV,100.000,"100,00",30.000,"100,00"
Công ty Cổ phần Chứng khoán BIDV,762.254,"79,94",762.254,"88,12"
Công ty Cổ phần Bảo hiểm BIDV,544.826,"51,00",544.826,"51,00"
Công ty Cổ phần Chứng khoán MHB,102.000,"60,00",102.000,"60,00"
Công ty TNHH BIDV Quốc tế (*),-,"100,00",-,"100,00"
,5.829.534,,5.759.534,
Dự phòng giảm giá đầu tư vào công ty con,(113.375),,(108.927),
,5.716.159,,5.650.607,
