Col_1,Số cuối năm,Số đầu năm
,Triệu VND,Triệu VND
Các khoản phải trả nội bộ,2.801.546,3.328.208
Các khoản phải trả bên ngoài,29.790.004,32.234.070
[Trong đó:],,
- Các khoản lãi và phí phải trả,22.428.269,24.695.986
- Thuế và các khoản phải trả khác cho ngân sách Nhà nước,781.427,1.078.773
- Các khoản phải trả trong giao dịch nghiệp vụ chứng khoán và bảo hiểm,3.107.775,3.115.621
Thuế thu nhập doanh nghiệp hoãn lại phải trả,113.813,111.935
"Quỹ khen thưởng, phúc lợi",2.086.188,1.865.505
,34.791.551,37.539.718
