Col_1,Ngày 31 tháng 12năm 2019,Ngày 31 tháng 12năm 2018
,Giá gốctriệu đồng,Giá gốctriệu đồng
Tên công ty,Tên công ty,Tên công ty
Công ty Cho thuê tài chính TNHH MTV Ngân hàng TMCP Công thương Việt Nam,1.000.000,1.000.000
Công ty Cổ phần Chứng khoán - Ngân hàng TMCP Công thương Việt Nam,597.232,597.232
Công ty TNHH MTV Quản lý nợ và Khai thác Tài sản - Ngân hàng TMCP Công thương Việt Nam,120.000,120.000
Tổng Công ty Cổ phần Bảo hiểm - Ngân hàng TMCP Công thương Việt Nam,489.150,489.150
Công ty TNHH MTV Quản lý Quỹ - Ngân hàng TMCP Công thương Việt Nam,500.000,950.000
Công ty TNHH MTV Vàng bạc đá quý - Ngân hàng TMCP Công thương Việt Nam,200.000,300.000
Công ty TNHH MTV Chuyển tiền Toàn cầu - Ngân hàng TMCP Công thương Việt Nam,50.000,50.000
Ngân hàng TNHH Công thương Việt Nam tại Lào,1.083.650,1.083.650
,4.040.032,4.590.032
