Col_1,Số cuối năm,Số cuối năm_1,Số cuối năm_2,Số đầu năm,Số đầu năm_1,Số đầu năm_2
,Giá gốc,Giá trị dự phòng,Tỷ lệ sở hữu,Giá gốc,Giá trị dự phòng,Tỷ lệ sở hữu
,Triệu VND,Triệu VND,%,Triệu VND,Triệu VND,%
Các khoản đầu tư dài hạn khác,Các khoản đầu tư dài hạn khác,Các khoản đầu tư dài hạn khác,Các khoản đầu tư dài hạn khác,Các khoản đầu tư dài hạn khác,Các khoản đầu tư dài hạn khác,Các khoản đầu tư dài hạn khác
- Công ty Cổ phần Đầu tư Điện lực Hà Nội,48.300,-,"10,00",48.300,-,"10,00"
- Công ty Cổ phần Đầu tư Phát triển Khánh Hòa - Hà Nội,13.677,(789),"11,00",13.677,(579),"11,00"
- Công ty Cổ phần Seoul Metal Việt Nam,43.475,-,"6,69",43.475,-,"6,30"
- Công ty Cổ phần Helio Power,300.000,-,"7,50",300.000,-,"9,09"
- Công ty Cổ phần Intersolar,5.500,-,"11,00",-,-,-
- Công ty Cổ phần Đầu tư Năng lượng Tái tạo Cà Mau,36.622,-,"10,02",-,-,-
- Công ty Cổ phần Giải pháp Thanh toán Điện lực và Viễn thông,-,-,-,5.500,-,"0,60"
- Công ty Cổ phần Amber Capital,-,-,-,39.200,-,"4,90"
- Công ty Cổ phần Bất động sản Quang Anh,-,-,-,29.870,-,"4,98"
,447.573,(789),,480.022,(579),
