Bên liên quan,Mối quan hệ,Giao dịch,Số cuối năm,Ngàn VND Số đầu năm
Phải thu ngắn hạn của khách hàng (TM số 6),Phải thu ngắn hạn của khách hàng (TM số 6),Phải thu ngắn hạn của khách hàng (TM số 6),Phải thu ngắn hạn của khách hàng (TM số 6),Phải thu ngắn hạn của khách hàng (TM số 6)
Công ty TNHH MTV Phát triển Nông nghiệp Đại Thắng,Công ty con,Bán hàng hóa và cung cấp dịch vụ,28.380.641,9.766.573
Công ty TNHH Tư vấn Đầu tư Xây dựng Thanh Bình,Công ty liên quan,Cung cấp dịch vụ xây dựng,27.595.944,27.595.944
Công ty Cổ phần Nông nghiệp Quốc tế Hoàng Anh Gia Lai - Chi nhánh Chế biển Hoa quả,Công ty con,Thanh lý TSCĐ Cung cấp dịch vụ xây dựng,26.283.627,26.323.777
Công ty Cổ phần Nông nghiệp Quốc tế Hoàng Anh Gia Lai - Chi nhánh Chế biển Hoa quả,Công ty con,Thanh lý TSCĐ Cung cấp dịch vụ xây dựng,12.323.541,-
Công ty Cổ phần Nông nghiệp Quốc tế Hoàng Anh Gia Lai - Chi nhánh Chế biển Hoa quả,Công ty con,Bán hàng hóa,7.115.198,14.934.825
Công ty TNHH Phát triển Nông nghiệp Hoàng Anh Attapeu,Công ty con,Bán hàng hóa,17.022.884,12.816.181
Công ty TNHH MTV Phát triển Nông nghiệp Khăn Xay,Công ty con,Bán hàng hóa và cung cấp dịch vụ,9.932.702,-
Công ty Cổ phần Chăn nuôi Gia Lai,Công ty con (từ ngày 10 tháng 9 năm 2020),Bán hàng hóa và cung cấp dịch vụ,7.240.221,15.785.553
Công ty Cổ phần Nông nghiệp Quốc tế Hoàng Anh Gia Lai,Công ty con,Bán hàng hóa và cung cấp dịch vụ,7.471.281,1.562.169
Công ty TNHH Thương mại và Dịch vụ Minh Tuấn,Công ty liên quan,Cung cấp dịch vụ xây dựng,5.501.714,5.501.714
Công ty Cổ phần Gỗ Hoàng Anh Gia Lai - CN Nhà máy nhựa,Công ty liên quan,Bán hàng hóa và cung cấp dịch vụ,5.444.663,-
Công ty Cổ phần Thể thao Hoàng Anh Gia Lai,Công ty con,Bán hàng hóa và cung cấp dịch vụ,4.702.319,4.583.442
Công ty TNHH Hoàng Anh Andong Meas,Công ty con,Bán hàng hóa và cung cấp dịch vụ,-,7.140.477
Các công ty khác,Công ty liên quan,Các khoản khác,567.252,2.105.291
,,,159.581.987,128.115.946
