Các bên liên quan,Mối quan hệ,Giao dịch,Số cuối năm,Ngàn VND Số đầu năm
Phải trả người bán ngắn hạn (TM số 19),Phải trả người bán ngắn hạn (TM số 19),Phải trả người bán ngắn hạn (TM số 19),Phải trả người bán ngắn hạn (TM số 19),Phải trả người bán ngắn hạn (TM số 19)
Công ty Cổ phầnGia sức Lơ Pang,Công ty liên quan,Mua hàng hóa và dịch vụMua tài sản cố định,66.675.236,-
Công ty Cổ phầnGia sức Lơ Pang,Công ty liên quan,Mua hàng hóa và dịch vụMua tài sản cố định,33.473.380,-
Công ty Cổ phần Gỗ Hoàng Anh Gia Lai - Chi nhánh Nhà Máy nhựa Hoàng Anh,Công ty liên quan,Mua hàng hóa và dịch vụ,23.380.474,116.694.539
Công ty TNHH Dịch vụ Nông nghiệp Tây Nguyên,Công ty liên quan,Mua hàng hóa và dịch vụ,9.257.375,-
Công ty Cổ phần Nông nghiệp Quốc tế Hoàng Anh Gia Lai,Công ty có cùng thành viên HĐQT,Mua hàng hóa và dịch vụ,2.081.090,-
Công ty TNHH MTV Bao bì Linh Khang,Công ty liên quan,Mua hàng hóa và dịch vụ,1.883.340,-
Công ty Cổ phần Nông nghiệp Quốc tế Hoàng Anh Gia Lai - Chi nhánh Chế Biến Hoa Quả,Công ty con của Công ty có cùng thành viên HĐQT,Mua hàng hóa và dịch vụ,1.497.279,-
Các bên liên quan khác,Bên liên quan,Mua hàng hóa và dịch vụ,482.444,1.080.231
,,,138.730.618,117.774.770
