"Tại ngày 31 tháng 12 năm 2020, Công ty có 16 công ty con. Thông tin chỉ tiết về các công ty con và tỷ lệ lợi ích, tỷ lệ biểu quyết của Công ty trong các công ty con này như sau:","Tại ngày 31 tháng 12 năm 2020, Công ty có 16 công ty con. Thông tin chỉ tiết về các công ty con và tỷ lệ lợi ích, tỷ lệ biểu quyết của Công ty trong các công ty con này như sau:_1","Tại ngày 31 tháng 12 năm 2020, Công ty có 16 công ty con. Thông tin chỉ tiết về các công ty con và tỷ lệ lợi ích, tỷ lệ biểu quyết của Công ty trong các công ty con này như sau:_2","Tại ngày 31 tháng 12 năm 2020, Công ty có 16 công ty con. Thông tin chỉ tiết về các công ty con và tỷ lệ lợi ích, tỷ lệ biểu quyết của Công ty trong các công ty con này như sau:_3","Tại ngày 31 tháng 12 năm 2020, Công ty có 16 công ty con. Thông tin chỉ tiết về các công ty con và tỷ lệ lợi ích, tỷ lệ biểu quyết của Công ty trong các công ty con này như sau:_4","Tại ngày 31 tháng 12 năm 2020, Công ty có 16 công ty con. Thông tin chỉ tiết về các công ty con và tỷ lệ lợi ích, tỷ lệ biểu quyết của Công ty trong các công ty con này như sau:_5"
STT,Tên công ty,Tỷ lệ lợi ích(%),Tỷ lệ biểu quyết (%),Trụ sở chính,Hoạt động chính
1,"Công ty Cổ phần Hà Đô 1 (""Công ty Hà Đô 1"")","51,01%","51,01%","Số 186 Hoàng Sâm, phường Nghĩa Đô,quận Cầu Giấy, Hà Nội","Xây dựng công trình giao thông, công trình dân dụng"
2,"Công ty Cổ phần Đầu tư Khánh Hà (""Công ty Khánh Hà"")","70,92%","70,92%","Cầu Đá, phường Vĩnh Nguyên, thành phố Nha Trang, tỉnh Khánh Hòa",Đầu tư và kinh doanh bất động sản
3,"Công ty Cổ phần Hà Đô - 756 Sài Gòn (""Công ty 756 Sài Gòn"")","89,00%","89,00%","Số 200 đường 3/2, phường 12, quận 10,thành phố Hồ Chí Minh",Đầu tư và kinh doanh bất động sản
4,"Công ty Cổ phần Cơ điện Xây dựng Thiết bị Công nghiệp Hà Đô (""Công ty Hà Đô Mee"")","51,00%","51,00%","Số 186 Hoàng Sâm, phường Nghĩa Đô,quận Cầu Giấy, Hà Nội","Xây dựng công trình giao thông, công trình dân dụng"
5,"Công ty Cổ phần Za Hưng (""Công ty Za Hưng"")","51,75%","51,75%","Số 8 Láng Hạ, phường Thành Công, quận Ba Đình, Hà Nội","Sản xuất, truyền tải và phân phối điện"
6,"Công ty Cổ phần Thủy điện Sông Tranh 4 (""Công ty Sông Tranh 4"") (i)","62,72%","89,68%","Thôn Tarn Tú, xã Quế Lưu, huyện Hiệp Đức,tỉnh Quảng Nam, Việt Nam","Sản xuất, truyền tải và phân phối điện"
7,"Công ty TNHH Hà Đô Bình Thuận (""Công ty Hà Đô Bình Thuận"") (i)","83,25%","90,00%","Số 101 thôn Hồng Trung, xã Hồng Phong,huyện Bắc Bình, tỉnh Bình Thuận","Sản xuất, truyền tải và phân phối điện"
8,"Công ty TNHH MTV Đầu tư Quốc tế Hà Đô (""Công ty Quốc tế Hà Đô"")",100%,100%,"Số 272, đường Dondeng, bản Nongtha Tayhuyện Chanthabuly, thủ đô Viếng Chăn, Lào",Đầu tư và kinh doanh bất động sản
9,"Công ty TNHH MTV Quản lý - Vận hành - Khai thác Bất động sản Hà Đô (""Công ty Bất động sản Hà Đô"")",100%,100%,"Số 60M Trường Sơn, phường 2, quận Tân Bình, thành phố Hồ Chí Minh","Tư vấn, quản lý bất động sản"
10,"Công ty Cổ phần Đầu tư Bất động sản Bình An Riverside (""Công ty Bình An Riverside"")","99,00%","99,00%","Số 2735 Phạm Thế Hiển, phường 7, quận 8,thành phố Hồ Chí Minh",Đầu tư và kinh doanh bất động sản
11,"Công ty Cổ phần Thiết bị Giáo dục 1 (""Công ty Thiết bị Giáo dục 1"")","98,38%","98,68%","Số 62 Phan Đình Giốt, phường Phương Liệt,quận Thanh Xuân, Hà Nội",Đầu tư và kinh doanh bất động sản
12,"Công ty Cổ phần Năng lượng Agrita – Quảng Nam (""Công ty Agrita – Quảng Nam"") (i)","97,57%","99,98%","Số 44 Lê Quý Đôn, thị trấn Khâm Đức,huyện Phước Sơn, tỉnh Quảng Nam","Sản xuất, truyền tải và phân phối điện"
13,"Công ty TNHH MTV Hà Đô Ninh Thuận (""Công ty Hà Đô Ninh Thuận"") (ii)",100%,100%,"Số 6 Phạm Đình Hồ, khu phố 6, phường Mỹ Bình, thành phố Phan Rang - Tháp Chảm,tỉnh Ninh Thuận","Sản xuất, truyền tải và phân phối điện"
14,"Công ty Cổ phần Mua bán nợ Minh Long Đông Sài Gòn (""Công ty Minh Long"") (i)","99,46%","99,70%","Số 242 Cống Quỳnh, Phạm Ngũ Lão, quận 1, thành phố Hồ Chí Minh",Hoạt động mua bán nợ
15,"Công ty TNHH MTV Điện gió Hà Đô Thuận Nam (""Công ty Hà Đô Thuận Nam"")",100%,100%,"Thôn Quản Thẻ 1, xã Phước Minh, huyệnThuận Nam, tỉnh Ninh Thuận","Sản xuất, truyền tải và phân phối điện"
16,"Công ty TNHH Năng lượng Surya Prakash Việt Nam (""Công ty Surya"")",100%,100%,"Thôn Phước An 1, xã Phước Vinh, huyệnNinh Phước, tỉnh Ninh Thuận","Sản xuất, truyền tải và phân phối điện"
