Col_1,Vốn điều lệ,Cổ phiếu quỹ,Các quỹ của TCTD,Lợi nhuận chưa phân phối,Cộng
Số dư đầu năm trước,3.652.819,(34.200),464.700,1.646.834,5.730.153
Lợi nhuận trong năm trước,-,-,-,886.715,886.715
Trích các quỹ dự trữ bắt buộc trong năm trước từ lợi nhuận sau thuế năm 2023,-,-,85.212,(85.212),-
"Trích lập quỹ khen thưởng, phúc lợi từ lợi nhuận sau thuế năm 2023",-,-,,(39.688),(39.688)
Chuyển tiền trích lập quỹ cho Công ty con,-,-,,(1.299),(1.299)
Số dư cuối năm trước,3.652.819,(34.200),549.912,2.407.350,6.575.881
Số dư đầu năm nay,3.652.819,(34.200),549.912,2.407.350,6.575.881
Lợi nhuận trong năm nay,-,-,-,1.852.522,1.852.522
Tăng vốn từ lợi nhuận sau thuế chưa phân phối (i),2.168.886,-,-,(2.168.886),-
Trích các quỹ dự trữ bắt buộc trong năm nay từ lợi nhuận sau thuế năm 2024,-,-,176.470,(176.470),-
"Trích lập quỹ khen thưởng, phúc lợi từ lợi nhuận sau thuế năm 2024",-,-,-,(44.627),(44.627)
Chuyển tiền trích lập quỹ cho Công ty con,-,-,-,(1.029),(1.029)
Số dư cuối năm nay,5.821.705,(34.200),726.382,1.868.860,8.382.747
