Col_1,USD được quy đổi,EUR được quy đổi,Tiền tệ khác quy đổi,Cộng
Tài sản,Tài sản,Tài sản,Tài sản,Tài sản
"Tiền mặt, vàng bạc, đá quý",104.151,1.218,10.129,115.498
Tiền gửi tại Ngân hàng Nhà nước,35.727,-,-,35.727
Tiền gửi tại và cho vay các TCTD khác (*),3.526.166,1.867,6.688,3.534.721
Cho vay khách hàng (*),263.215,-,-,263.215
Tổng tài sản,3.929.259,3.085,16.817,3.949.161
Nợ phải trả và vốn chủ sở hữu,Nợ phải trả và vốn chủ sở hữu,Nợ phải trả và vốn chủ sở hữu,Nợ phải trả và vốn chủ sở hữu,Nợ phải trả và vốn chủ sở hữu
Tiền gửi và vay các TCTD khác,3.533.640,-,-,3.533.640
Tiền gửi của khách hàng,419.471,452,7.539,427.462
Các khoản nợ khác,226,-,-,226
Tổng nợ phải trả và vốn chủ sở hữu,3.953.337,452,7.539,3.961.328
Trạng thái tiền tệ nội bảng,(24.078),2.633,9.278,(12.167)
Trạng thái tiền tệ ngoại bảng,-,-,-,-
"Trạng thái tiền tệ nội, ngoại bảng",(24.078),2.633,9.278,(12.167)
