Col_1,Tổng giá trị cửa hợp đồng theo tỷ giá ngày hiệu lực hợp đồng triệu đồng,Tổng giá trị ghi sổ kế toán (theo tỷ giá tại ngày báo cáo),Tổng giá trị ghi sổ kế toán (theo tỷ giá tại ngày báo cáo)_1,Tổng giá trị ghi sổ kế toán (theo tỷ giá tại ngày báo cáo)_2
,Tổng giá trị cửa hợp đồng theo tỷ giá ngày hiệu lực hợp đồng triệu đồng,Tài sản triệu đồng,Công nợ triệu đồng,Giá trị thuần triệu đồng
Tại ngày 31 tháng 12 năm 2021,Tại ngày 31 tháng 12 năm 2021,Tại ngày 31 tháng 12 năm 2021,Tại ngày 31 tháng 12 năm 2021,Tại ngày 31 tháng 12 năm 2021
Giao dịch kỳ hạn tiền tệ,24.600.109,24.600.824,(24.545.162),55.662
Giao dịch hoán đổi,140.389.143,140.464.814,(140.246.737),218.077
,164.989.252,165.065.638,(164.791.899),273.739
Tại ngày 31 tháng 12 năm 2020,Tại ngày 31 tháng 12 năm 2020,Tại ngày 31 tháng 12 năm 2020,Tại ngày 31 tháng 12 năm 2020,Tại ngày 31 tháng 12 năm 2020
Giao dịch kỳ hạn tiền tệ,10.348.397,10.339.860,(10.312.953),26.907
Giao dịch hoán đổi,148.122.582,148.031.725,(148.032.366),(641)
,158.470.979,158.371.585,(158.345.319),26.266
