Col_1,Thuyết minh,Ngày 31 tháng 12 năm 2024 triệu đồng,Ngày 31 tháng 12 năm 2023 triệu đồng
TÀI SẢN,TÀI SẢN,TÀI SẢN,TÀI SẢN
"Tiền mặt, vàng bạc, đá quý",5,1.203.088,939.629
"Tiền gửi tại Ngân hàng Nhà nước Việt Nam (""NHNN"")",6,5.494.784,4.589.199
"Tiền gửi và cho vay các tổ chức tín dụng (""TCTD"") khác",7,60.936.150,61.149.694
Tiền gửi tại các TCTD khác,,54.249.986,51.384.709
Cho vay các TCTD khác,,6.686.164,9.764.985
Cho vay khách hàng,,173.467.381,146.782.639
Cho vay khách hàng,9,176.493.451,149.145.386
Dự phòng rủi ro cho vay khách hàng,10,(3.026.070),(2.362.747)
Chứng khoán đầu tư,11,65.569.856,37.880.373
Chứng khoán đầu tư sẵn sàng để bán,,65.604.781,37.897.490
Dự phòng rủi ro chứng khoán đầu tư,,(34.925),(17.117)
"Góp vốn, đầu tư dài hạn",12,12.030,10.036
Đầu tư dài hạn khác,,17.049,10.036
Dự phòng giảm giá đầu tư dài hạn,,(5.019),-
Tài sản cố định,,432.744,402.736
Tải sản cố định hữu hình,13,232.437,202.533
Nguyên giá,,746.188,661.129
Khẩu hao lũy kế,,(513.751),(458.596)
Tải sản cố định vô hình,14,200.307,200.203
Nguyên giá,,666.076,630.943
Hao mòn lũy kế,,(465.769),(430.740)
Tài sản Có khác,15,13.032.056,15.251.532
Các khoản phải thu,15.1,7.481.076,8.480.027
"Các khoản lãi, phí phải thu",15.2,4.897.832,5.065.400
Tài sản Có khác,15.4,710.611,1.749.755
- Trong đó: Lợi thế thương mại,16,5.142,15.124
Dự phòng rủi ro tài sản Có khác,15.5,(57.463),(43.650)
TỔNG TÀI SẢN CÓ,,320.148.089,267.005.838
