Col_1,2021Triệu VND,2020Triệu VND
Số dư đầu năm,2.274.759,3.278.972
Tăng trong năm,2.315.665,3.101.890
Tăng từ hợp nhất kinh doanh,2.827,150.908
Chuyển sang tài sản cố định hữu hình,(1.707.110),(3.619.140)
Chuyển sang tài sản cố định vô hình,(16.146),(46.668)
Chuyển sang chi phí trả trước dài hạn,(646.171),(585.134)
Chuyển sang khoản phải thu dài hạn,(120.701),-
Thanh lý,(14.089),(65)
Xóa sổ,-,(12.657)
Chênh lệch quy đổi tiền tệ,(4.470),6.653
Giảm do ngừng hợp nhất MNS Feed và các công ty con,(62.737),-
Số dư cuối năm,2.021.827,2.274.759
