Col_1,Quyền sử dụng đất có thời hạn Triệu đồng,Quyền sử dụng đất không thời hạn Triệu đồng,Phần mềm máy vi tính Triệu đồng,Tổng công Triệu đồng
Nguyên giá,Nguyên giá,Nguyên giá,Nguyên giá,Nguyên giá
Số dư đầu năm,205.587,356.378,193.642,755.607
Mua trong năm,-,-,810,810
Chuyển từ xây dựng cơ bản dở dang,-,-,10.485,10.485
Số dư cuối năm,205.587,356.378,204.937,766.902
Giá trị hao mòn lũy kế,Giá trị hao mòn lũy kế,Giá trị hao mòn lũy kế,Giá trị hao mòn lũy kế,Giá trị hao mòn lũy kế
Số dư đầu năm,16.920,-,159.170,176.090
Hao mòn trong năm,6.367,-,8.672,15.039
Số dư cuối năm,23.287,-,167.842,191.129
Giá trị còn lại,Giá trị còn lại,Giá trị còn lại,Giá trị còn lại,Giá trị còn lại
Số dư đầu năm,188.667,356.378,34.472,579.517
Số dư cuối năm,182.300,356.378,37.095,575.773
