Tên công ty/ Đơn vị trực thuộc,Địa chỉ đăng ký,"Ngành, nghề kinh doanh",Tỷ lệ sở hữu và quyền biểu quyết,Tỷ lệ sở hữu và quyền biểu quyết_1
Tên công ty/ Đơn vị trực thuộc,Địa chỉ đăng ký,"Ngành, nghề kinh doanh",2018,2017
Công ty con,Công ty con,Công ty con,Công ty con,Công ty con
Công ty TNHH MTV Ông thép Nam Kim (*),"Tỉnh Long An, Việt Nam","Sản xuất các loại tôn thép: tôn mạ màu, tôn mạ kẽm. Kinh doanh sắt thép các loại.",100%,100%
Công ty TNHH MTV Nam Kim Corea,"Tỉnh Bình Dương, Việt Nam","Sản xuất sắt, thép, gang, gia công cơ khí, tráng phủ kim loại.",100%,-
Chi nhánh,Chi nhánh,Chi nhánh,Chi nhánh,Chi nhánh
Chi nhánh Công ty Cổ phần Thép Nam Kim,"Tỉnh Bình Dương, Việt Nam",,,
Chi nhánh Công ty Cổ phần Thép Nam Kim tại miền Bắc,"Tỉnh Hưng Yên, Việt Nam",,,
Chi nhánh Công ty Cổ phần Thép Nam Kim tại miền Tây,"Tỉnh Vĩnh Long, Việt Nam",,,
Công ty liên kết,Công ty liên kết,Công ty liên kết,Công ty liên kết,Công ty liên kết
Công ty Cổ phần Nam Kim Corea,"Tỉnh Bình Dương, Việt Nam","Sản xuất sắt, thép, gang, gia công cơ khí, tráng phủ kim loại.",-,"26,24%"
