Năm tài chính kết thúc ngày 31 tháng 12 năm 2016,Năm tài chính kết thúc ngày 31 tháng 12 năm 2016_1,Đơn vị tính: Triệu đồng Việt Nam,Đơn vị tính: Triệu đồng Việt Nam_1
3.2. Cho vay các tổ chức tin dụng khác,3.2. Cho vay các tổ chức tin dụng khác,31/12/2016,01/01/2016
Cho vay ngắn hạn,Cho vay ngắn hạn,2.350.323,385.000
Bằng VND (*),Bằng VND (*),2.184.131,385.000
Bằng ngoại hối,Bằng ngoại hối,166.192,
Dự phòng rủi ro cho vay các TCTD khác,Dự phòng rủi ro cho vay các TCTD khác,,
Cộng,Cộng,2.350.323,385.000
Tổng tiền gửi và cho vay các TCTD khác,Tổng tiền gửi và cho vay các TCTD khác,11.518.231,6.421.902
(*) Chi tiết các khoản cho vay các tổ chức tin dụng như sau:,(*) Chi tiết các khoản cho vay các tổ chức tin dụng như sau:,Số tiền,Ngày đáo hạn
Ngân hàng TMCP An Bình,Ngân hàng TMCP An Bình,145.000,30/06/2017
Ngân hàng TMCP An Bình,Ngân hàng TMCP An Bình,40.000,07/06/2017
Ngân hàng TMCP Tiền Phong,Ngân hàng TMCP Tiền Phong,350.000,13/02/2017
Ngân hàng TMCP Tiền Phong,Ngân hàng TMCP Tiền Phong,500.000,10/02/2017
Ngân hàng TMCP Tiền Phong,Ngân hàng TMCP Tiền Phong,150.000,13/02/2017
Công ty tài chính CP Điện lực,Công ty tài chính CP Điện lực,210.000,21/06/2017
Công ty tài chính CP Điện lực,Công ty tài chính CP Điện lực,220.000,15/09/2017
Ngân hàng TMCP Việt Á,Ngân hàng TMCP Việt Á,299.169,17/04/2017
Ngân hàng TMCP Việt Á,Ngân hàng TMCP Việt Á,269.962,18/04/2017
Cộng,Cộng,2.184.131,
"Phân tích chất lượng dư nợ cho vay, tiền gửi các TCTD khác","Phân tích chất lượng dư nợ cho vay, tiền gửi các TCTD khác",31/12/2016,01/01/2016
- Nợ đủ tiêu chuẩn,- Nợ đủ tiêu chuẩn,11.518.231,6.421.902
Cộng,Cộng,11.518.231,6.421.902
4. Cho vay khách hàng,4. Cho vay khách hàng,,
,,31/12/2016,01/01/2016
"Cho vay các tổ chức kinh tế, cá nhân trong nước","Cho vay các tổ chức kinh tế, cá nhân trong nước",25.098.067,20.274.307
Cho vay chiết khấu công cụ chuyển nhượng và các giấy tờ có giá,Cho vay chiết khấu công cụ chuyển nhượng và các giấy tờ có giá,26.180,9.283
"Cho vay bằng vốn tài trợ, ủy thác đầu tư","Cho vay bằng vốn tài trợ, ủy thác đầu tư",227.970,147.851
Tổng cộng,Tổng cộng,25.352.217,20.431.441
4.1. Phân tích chất lượng nợ cho vay,4.1. Phân tích chất lượng nợ cho vay,,
,,31/12/2016,01/01/2016
Nợ đủ tiêu chuẩn,Nợ đủ tiêu chuẩn,23.493.409,19.422.339
Nợ cần chú ý,Nợ cần chú ý,1.482.433,569.885
Nợ dưới tiêu chuẩn,Nợ dưới tiêu chuẩn,150.144,156.676
Nợ nghi ngờ,Nợ nghi ngờ,22.298,29.278
Nợ có khả năng mất vốn,Nợ có khả năng mất vốn,203.933,253.263
Tổng cộng,Tổng cộng,25.352.217,20.431.441
4.2. Phân tích dư nợ theo thời gian,4.2. Phân tích dư nợ theo thời gian,,
,,31/12/2016,01/01/2016
Nợ ngắn hạn,Nợ ngắn hạn,8.079.759,7.494.877
Nợ trung hạn,Nợ trung hạn,8.855.917,6.984.459
Nợ dài hạn,Nợ dài hạn,8.416.541,5.952.105
Tổng cộng,Tổng cộng,25.352.217,20.431.441
