Năm tài chính kết thúc ngày 31 tháng 12 năm 2019,Năm tài chính kết thúc ngày 31 tháng 12 năm 2019_1,Đơn vị tính: Triệu đồng Việt Nam
V. Thông tin bổ sung cho các khoản mục trình bày trong Bảng cân đối kế toán,V. Thông tin bổ sung cho các khoản mục trình bày trong Bảng cân đối kế toán,V. Thông tin bổ sung cho các khoản mục trình bày trong Bảng cân đối kế toán
"1. Tiền mặt, vàng bạc, đá quỹ",31/12/2019,01/01/2019
Tiền mặt bằng VND,193.314,233.571
Tiền mặt bằng ngoại tệ,38.410,58.027
"[Kim loại quỹ, đá quỹ khác]",,
Tổng cộng,231.724,291.598
2. Tiền gửi tại Ngân hàng Nhà nước,31/12/2019,01/01/2019
Tiền gửi thanh toán tại Ngân hàng Nhà nước,494.362,1.587.706
Bằng VND,252.185,1.538.329
Bằng ngoại tệ,242.177,49.377
Tổng cộng,494.362,1.587.706
