Col_1,31/12/2023,31/12/2023_1,31/12/2023_2,31/12/2022,31/12/2022_1,31/12/2022_2
Tên,Giá gốc,Giá trị hiện tại,Tỷ lệ phần vốn (%),Giá gốc,Giá trị hiện tại,Tỷ lệ phần vốn (%)
Đầu tư dài hạn khác,53.380,24.196,,53.880,25.069,
[Đầu tư vào doanh nghiệp khác],,,,,,
Cty CP Khách sạn Sài Gòn Hạ Long,18.380,18.380,"10,98%",18.380,18.380,"10,98%"
Công ty Cp Thanh Toán Quốc Gia Việt Nam,2.000,2.000,"0,64%",2.000,2.000,"0,64%"
Công ty CP Chứng khoán SAIGONBANK Berjaya,33.000,33.000,"11,00%",33.000,33.000,"11,00%"
Quỹ BL Tín dụng của Doanh nghiệp vừa và nhỏ,-,-,-,500,500,"0,22%"
Dự phòng giảm giá đầu tư chứng khoán dài hạn,-,(29.184),-,-,(28.811),-
Công ty CP Chứng khoán SAIGONBANK Berjaya,-,(29.184),-,-,(28.411),-
Công ty CP Du lịch Khách sạn Sài Gòn Hạ Long,,-,-,-,(400),-
Tổng cộng,53.380,24.196,,53.880,25.069,
