Tại ngày 31 tháng 12 năm 2021:,Ngành kinh doanh,Tỷ lệ vốn góp(%),Giá gốcTriệu VND
Ngân hàng TMCP Xuất Nhập khẩu Việt Nam,Ngân hàng,"4,50%",319.907
Ngân hàng TMCP Quân Đội,Ngân hàng,"4,35%",802.269
Quỹ Bảo lãnh Tín dụng cho Doanh nghiệp nhỏ và vừa,Bảo lãnh tín dụng,"0,80%",1.864
Tổng Công ty Cổ phần Bảo hiểm Petrolimex,Bảo hiểm,"8,03%",67.900
Công ty Cổ phần Thông tin tín dụng Việt Nam,Dịch vụ thông tin tín dụng,"6,64%",7.962
Tổng Công ty Phát triển Hạ tầng và Đầu tư Tài chính Việt Nam,Đầu tư đường cao tốc,"1,97%",75.000
Công ty Cổ phần Thanh toán Quốc gia Việt Nam,"Dịch vụ thể, thanh toán","1,83%",4.400
Tổng Công ty Hàng không Việt Nam,Hàng không,"1,02%",379.223
"SWIFT, MASTER và VISA","Dịch vụ thể, thanh toán",-,2.936
,,,1.661.461
Tại ngày 31 tháng 12 năm 2020:,Ngành kinh doanh,Tỷ lệ vốn góp(%),Giá gốcTriệu VND
Ngân hàng TMCP Xuất Nhập khẩu Việt Nam,Ngân hàng,"4,50%",319.907
Ngân hàng TMCP Quân Đội,Ngân hàng,"4,31%",802.269
Quỹ Bảo lãnh Tín dụng cho Doanh nghiệp nhỏ và vừa,Bảo lãnh tín dụng,"0,80%",1.864
Tổng Công ty Cổ phần Bảo hiểm Petrolimex,Bảo hiểm,"8,03%",67.900
Công ty Cổ phần Thông tin tín dụng Việt Nam,Dịch vụ thông tin tín dụng,"6,64%",7.962
Tổng Công ty Phát triển Hạ tầng và Đầu tư Tài chính Việt Nam,Đầu tư đường cao tốc,"1,97%",75.000
Công ty Cổ phần Thanh toán Quốc gia Việt Nam,"Dịch vụ thể, thanh toán","1,83%",4.400
Tổng Công ty Hàng không Việt Nam,Hàng không,"1,04%",305.585
"SWIFT, MASTER và VISA","Dịch vụ thể, thanh toán",-,2.936
