Col_1,Ngành kinh doanh,Tỷ lệ vốn góp,Triệu VND
Ngân hàng TMCP Xuất - Nhập khẩu VN,Ngân hàng,"8,19%",582.065
Ngân hàng TMCP Sài Gòn Công Thương,Ngân hàng,"4,30%",123.452
Ngân hàng TMCP Quân Đội,Ngân hàng,"7,16%",1.242.989
Ngân hàng TMCP Phương Đông,Ngân hàng,"4,72%",144.802
Quỹ bảo lãnh tín dụng các doanh nghiệp vừa và nhỏ,Bảo lãnh tín dụng,"0,80%",1.864
"SWIFT, MASTER và VISA","Dịch vụ thẻ, thanh toán",-,2.936
Công ty Cổ phần Bảo hiểm Petrolimex,Bảo hiểm,"10,04%",67.900
Tổng Công ty Cổ phần Khoan và Dịch vụ Khoan đầu khí,Dầu khí,"0,21%",5.496
Công ty Cổ phần Thông tin tín dụng,Dịch vụ thông tin,,
Việt Nam (PCB),tín dụng,"6,64%",7.962
Công ty Tài chính Cổ phần Xi măng,Dịch vụ tài chính,"10,91%",70.950
Tổng Công ty Phát triển Hạ tầng và Đầu tư Tài chính Việt Nam,Đầu tư đường cao tốc,"1,97%",75.000
Công ty Cổ phần Thanh toán Quốc gia Việt Nam,Dịch vụ thẻ,"1,83%",4.400
Tổng Công ty Hàng không Việt Nam,Hàng không,"1,83%",499.602
