Col_1,Số đầu năm,Số phải thu trong năm,Đơn vị tính: triệu VND,Đơn vị tính: triệu VND_1
,Số đầu năm,Số phải thu trong năm,Số cán trừ trong năm,Số cuối năm
Phải thu,Phải thu,Phải thu,Phải thu,Phải thu
Thuế giá trị gia tăng,210.145,1.189.942,(1.197.433),202.654
Thuế thu nhập doanh nghiệp nộp thừa,166.607,-,(166.607),-
TỔNG CỘNG,376.752,1.189.942,(1.364.040),202.654
,Số đầu năm,Số phải nộp trong năm,Số đã nộp/cán trừ trong năm,Số cuối năm
Phải nộp,Phải nộp,Phải nộp,Phải nộp,Phải nộp
Thuế giá trị gia tăng,1.922.064,5.233.770,(4.755.920),2.399.914
Thuế thu nhập doanh nghiệp,4.956.325,2.587.710,(5.004.985),2.539.050
Thuế thu nhập cá nhân,44.390,177.424,(199.344),22.470
Thuế khác,73.700,39.507.223,(39.409.807),171.116
TỔNG CỘNG,6.996.479,47.506.127,(49.370.056),5.132.550
