Col_1,Giá trị giao dịch,Giá trị giao dịch_1
,2021Triệu VND,2020Triệu VND
Công ty mẹ,Công ty mẹ,Công ty mẹ
[Tập đoàn Vingroup – Công ty CP],,
Mua hàng hóa và dịch vụ,209.514,239.365
Đặt cọc cho mục đích đầu tư,1.070.000,579.587
Thu hồi đặt cọc cho mục đích đầu tư,543.745,-
Các công ty con,Các công ty con,Các công ty con
Công ty TNHH Vincom Retail Miền Nam(từ ngày 1 tháng 1 năm 2021 đến ngày 30 tháng 9 năm 2021),Công ty TNHH Vincom Retail Miền Nam(từ ngày 1 tháng 1 năm 2021 đến ngày 30 tháng 9 năm 2021),Công ty TNHH Vincom Retail Miền Nam(từ ngày 1 tháng 1 năm 2021 đến ngày 30 tháng 9 năm 2021)
Doanh thu cung cấp dịch vụ,74.825,137.562
Lãi cho vay phải thu,3.647,31.627
Cho vay,-,40.000
Thu hồi gốc cho vay,190.000,350.000
Thu hồi đặt cọc mua trung tâm thương mại,-,750.000
Công ty TNHH Vận hành Vincom Retail,Công ty TNHH Vận hành Vincom Retail,Công ty TNHH Vận hành Vincom Retail
Doanh thu cung cấp dịch vụ,132.330,159.612
Lãi cho vay phải thu,28.392,107.233
Cho vay,229.000,648.294
Thu hồi gốc cho vay,1.187.294,590.000
Các công ty liên quan khác,Các công ty liên quan khác,Các công ty liên quan khác
[Công ty Cổ phần Vinhomes],,
Doanh thu cung cấp dịch vụ,6.912,6.454
Mua hàng hóa và dịch vụ,151.360,156.667
Đặt cọc cho mục đích đầu tư,-,649.806
Thu hồi đặt cọc cho mục đích đầu tư,242.172,-
Công ty Cổ phần Vinpearl,Công ty Cổ phần Vinpearl,Công ty Cổ phần Vinpearl
Cho vay,1.150.000,-
Thu hồi gốc cho vay,1.150.000,-
Lãi cho vay phải thu,45.685,-
Mua hàng hóa và dịch vụ,16.550,35.824
